[
    {
        "model": "app.place",
        "pk": 1,
        "fields": {
            "name": "桃園高鐵站"
        }
    },
    {
        "model": "app.place",
        "pk": 2,
        "fields": {
            "name": "中壢火車站"
        }
    },
    {
        "model": "app.place",
        "pk": 3,
        "fields": {
            "name": "中壢夜市"
        }
    },
    {
        "model": "app.place",
        "pk": 4,
        "fields": {
            "name": "中原夜市"
        }
    },
    {
        "model": "app.place",
        "pk": 5,
        "fields": {
            "name": "中央大學"
        }
    },
    {
        "model": "app.place",
        "pk": 6,
        "fields": {
            "name": "中壢SOGO百貨"
        }
    },
    {
        "model": "app.carfare",
        "pk": 1,
        "fields": {
            "departure": 1,
            "arrival": 2,
            "fare": 250
        }
    },
    {
        "model": "app.carfare",
        "pk": 2,
        "fields": {
            "departure": 1,
            "arrival": 3,
            "fare": 220
        }
    },
    {
        "model": "app.carfare",
        "pk": 3,
        "fields": {
            "departure": 1,
            "arrival": 4,
            "fare": 280
        }
    },
    {
        "model": "app.carfare",
        "pk": 4,
        "fields": {
            "departure": 1,
            "arrival": 5,
            "fare": 180
        }
    },
    {
        "model": "app.carfare",
        "pk": 5,
        "fields": {
            "departure": 1,
            "arrival": 6,
            "fare": 210
        }
    },
    {
        "model": "app.carfare",
        "pk": 6,
        "fields": {
            "departure": 2,
            "arrival": 3,
            "fare": 100
        }
    },
    {
        "model": "app.carfare",
        "pk": 7,
        "fields": {
            "departure": 2,
            "arrival": 4,
            "fare": 180
        }
    },
    {
        "model": "app.carfare",
        "pk": 8,
        "fields": {
            "departure": 2,
            "arrival": 5,
            "fare": 80
        }
    },
    {
        "model": "app.carfare",
        "pk": 9,
        "fields": {
            "departure": 2,
            "arrival": 6,
            "fare": 50
        }
    },
    {
        "model": "app.carfare",
        "pk": 10,
        "fields": {
            "departure": 3,
            "arrival": 4,
            "fare": 120
        }
    },
    {
        "model": "app.carfare",
        "pk": 12,
        "fields": {
            "departure": 3,
            "arrival": 5,
            "fare": 30
        }
    },
    {
        "model": "app.carfare",
        "pk": 13,
        "fields": {
            "departure": 3,
            "arrival": 6,
            "fare": 25
        }
    },
    {
        "model": "app.carfare",
        "pk": 14,
        "fields": {
            "departure": 4,
            "arrival": 5,
            "fare": 175
        }
    },
    {
        "model": "app.carfare",
        "pk": 15,
        "fields": {
            "departure": 4,
            "arrival": 6,
            "fare": 165
        }
    },
    {
        "model": "app.carfare",
        "pk": 16,
        "fields": {
            "departure": 5,
            "arrival": 6,
            "fare": 100
        }
    },
    {
        "model": "app.carfare",
        "pk": 17,
        "fields": {
            "departure": 2,
            "arrival": 1,
            "fare": 250
        }
    },
    {
        "model": "app.carfare",
        "pk": 18,
        "fields": {
            "departure": 3,
            "arrival": 1,
            "fare": 220
        }
    },
    {
        "model": "app.carfare",
        "pk": 19,
        "fields": {
            "departure": 4,
            "arrival": 1,
            "fare": 280
        }
    },
    {
        "model": "app.carfare",
        "pk": 20,
        "fields": {
            "departure": 5,
            "arrival": 1,
            "fare": 180
        }
    },
    {
        "model": "app.carfare",
        "pk": 21,
        "fields": {
            "departure": 6,
            "arrival": 1,
            "fare": 210
        }
    },
    {
        "model": "app.carfare",
        "pk": 22,
        "fields": {
            "departure": 3,
            "arrival": 2,
            "fare": 100
        }
    },
    {
        "model": "app.carfare",
        "pk": 23,
        "fields": {
            "departure": 4,
            "arrival": 2,
            "fare": 180
        }
    },
    {
        "model": "app.carfare",
        "pk": 24,
        "fields": {
            "departure": 5,
            "arrival": 2,
            "fare": 80
        }
    },
    {
        "model": "app.carfare",
        "pk": 25,
        "fields": {
            "departure": 6,
            "arrival": 2,
            "fare": 25
        }
    },
    {
        "model": "app.carfare",
        "pk": 26,
        "fields": {
            "departure": 4,
            "arrival": 3,
            "fare": 120
        }
    },
    {
        "model": "app.carfare",
        "pk": 27,
        "fields": {
            "departure": 5,
            "arrival": 3,
            "fare": 30
        }
    },
    {
        "model": "app.carfare",
        "pk": 28,
        "fields": {
            "departure": 3,
            "arrival": 6,
            "fare": 25
        }
    },
    {
        "model": "app.carfare",
        "pk": 29,
        "fields": {
            "departure": 5,
            "arrival": 4,
            "fare": 175
        }
    },
    {
        "model": "app.carfare",
        "pk": 30,
        "fields": {
            "departure": 6,
            "arrival": 4,
            "fare": 165
        }
    },
    {
        "model": "app.carfare",
        "pk": 31,
        "fields": {
            "departure": 6,
            "arrival": 5,
            "fare": 100
        }
    },
    {
        "model": "sessions.session",
        "pk": "3n7agfvuxkg9psnq651ocjs4ri8eq7wx",
        "fields": {
            "session_data": ".eJxVjEEOwiAQRe_C2hAoBcGl-56BzDCDVA0kpV0Z765NutDtf-_9l4iwrSVunZc4k7gILU6_G0J6cN0B3aHemkytrsuMclfkQbucGvHzerh_BwV6-daZaMCssrUjGOIAHEZCrbw3OnntjLfk2AZGd-YBlHcQiJUaLWsOqMT7A_7PODg:1p8Hme:04Qsd-oUqt-bPnov92JTRIAv58JferJS1vQ6H-eob5A",
            "expire_date": "2023-01-05T09:22:36.615Z"
        }
    },
    {
        "model": "sessions.session",
        "pk": "rw71ne00x6jg5n2q7blr1acvjzt3qgr4",
        "fields": {
            "session_data": ".eJxVjEEOwiAQRe_C2hCgdKAu3XsGMsNMbdVAUtqV8e7apAvd_vfef6mE2zqlrcmSZlZnBer0uxHmh5Qd8B3Lrepcy7rMpHdFH7Tpa2V5Xg7372DCNn1r33c2BhAaSDrj0TlrPWMkAoMSRpODRTf2wIQwxBzERSM4DtxjDsDq_QHgmDhg:1p8Fb9:NwAFfKrW98KZwLY6Vz8WBMqP1TtZXOz9fPQrhHfuSl0",
            "expire_date": "2023-01-05T07:02:35.759Z"
        }
    },
    {
        "model": "sessions.session",
        "pk": "vzlw84wihvaifvz97cb5knb9pc8h7n9y",
        "fields": {
            "session_data": ".eJxVjEEOwiAQRe_C2hAoBcGl-56BzDCDVA0kpV0Z765NutDtf-_9l4iwrSVunZc4k7gILU6_G0J6cN0B3aHemkytrsuMclfkQbucGvHzerh_BwV6-daZaMCssrUjGOIAHEZCrbw3OnntjLfk2AZGd-YBlHcQiJUaLWsOqMT7A_7PODg:1p7xsI:QYG2U4In63e2PlibEaFQ-PCCmQh4b_smxDBe2Cr0Zg8",
            "expire_date": "2023-01-04T12:07:06.722Z"
        }
    },
    {
        "model": "sessions.session",
        "pk": "yqsxzp0dc4p94cph8b845prcsfyuom9z",
        "fields": {
            "session_data": ".eJxVjEEOwiAQRe_C2hCgdKAu3XsGMsNMbdVAUtqV8e7apAvd_vfef6mE2zqlrcmSZlZnBer0uxHmh5Qd8B3Lrepcy7rMpHdFH7Tpa2V5Xg7372DCNn1r33c2BhAaSDrj0TlrPWMkAoMSRpODRTf2wIQwxBzERSM4DtxjDsDq_QHgmDhg:1p8Hnn:uUliGiT7NccePv-fPcHa2yjOJoMQOp_94c9sRkhhRws",
            "expire_date": "2023-01-05T09:23:47.160Z"
        }
    },
    {
        "model": "app.user",
        "fields": {
            "password": "pbkdf2_sha256$390000$KMburVBD1Pvq1slGZgovtq$efjbjOZ3x51TtCF26O9cYAszJ31IBS6ASDBvP/cDl8M=",
            "last_login": "2022-12-22T09:22:36.591Z",
            "is_superuser": true,
            "username": "admin",
            "first_name": "",
            "last_name": "",
            "email": "admin@gmial.com",
            "is_staff": true,
            "is_active": true,
            "date_joined": "2022-12-21T12:06:50.157Z",
            "type": "NONE",
            "groups": [],
            "user_permissions": []
        }
    },
    {
        "model": "app.user",
        "fields": {
            "password": "pbkdf2_sha256$390000$HdNX5TwJcSOopP1smldcwR$9A055ojZ8cIuKHV5y4ScAGa1lZ2CRjw41Sa2l7mQhBM=",
            "last_login": null,
            "is_superuser": false,
            "username": "HAHA",
            "first_name": "大便",
            "last_name": "王",
            "email": "JF@gmail.com",
            "is_staff": false,
            "is_active": true,
            "date_joined": "2022-12-21T12:29:00Z",
            "type": "STUDENT",
            "groups": [],
            "user_permissions": []
        }
    },
    {
        "model": "app.user",
        "fields": {
            "password": "pbkdf2_sha256$390000$3Y25MzZB5xPh1t5JhVY157$0REHccJBu092Uyt12kyCQVvuhI7NZa/0aH7YQBxu4Ok=",
            "last_login": null,
            "is_superuser": false,
            "username": "HAPPY",
            "first_name": "開心",
            "last_name": "正",
            "email": "eer@mail.com",
            "is_staff": false,
            "is_active": true,
            "date_joined": "2022-12-21T12:34:00Z",
            "type": "DRIVER",
            "groups": [],
            "user_permissions": []
        }
    },
    {
        "model": "app.user",
        "fields": {
            "password": "pbkdf2_sha256$390000$pCBk2yeANwf85ugAGl76gQ$ih5YXeA5RkH3DSgVKQhgvOx5BAdllQQRxOokAnK9rfE=",
            "last_login": null,
            "is_superuser": false,
            "username": "Lai",
            "first_name": "賴",
            "last_name": "帥哥",
            "email": "der@mail.com",
            "is_staff": false,
            "is_active": true,
            "date_joined": "2022-12-21T12:36:00Z",
            "type": "DRIVER",
            "groups": [],
            "user_permissions": []
        }
    },
    {
        "model": "app.user",
        "fields": {
            "password": "pbkdf2_sha256$390000$6FRj8jbtNuBgp9E3oV7GDJ$j86tH99dIwg5veCHIpcsMAl1jwQ0hx/BrY5dLK6/Z0E=",
            "last_login": null,
            "is_superuser": false,
            "username": "Haung",
            "first_name": "黃",
            "last_name": "西西",
            "email": "RG@mail.com",
            "is_staff": false,
            "is_active": true,
            "date_joined": "2022-12-21T12:38:00Z",
            "type": "DRIVER",
            "groups": [],
            "user_permissions": []
        }
    },
    {
        "model": "app.user",
        "fields": {
            "password": "pbkdf2_sha256$390000$5N3dxNyUnxfkCZtRy4IQH4$39x6Rv0Y36hzh74ZWydW77D5uYa1GYOv5AUwHzaTW/c=",
            "last_login": "2022-12-22T09:22:46.195Z",
            "is_superuser": false,
            "username": "Lan",
            "first_name": "寶藏",
            "last_name": "藍",
            "email": "FS@mail.com",
            "is_staff": false,
            "is_active": true,
            "date_joined": "2022-12-21T12:39:00Z",
            "type": "STUDENT",
            "groups": [],
            "user_permissions": []
        }
    },
    {
        "model": "app.user",
        "fields": {
            "password": "pbkdf2_sha256$390000$Fz62ByxxJhrhfB60KAndeK$7rHzBbRjBljUHeKyg+cOeOJ/d6ImfXXcYlmLuTUVvdM=",
            "last_login": null,
            "is_superuser": false,
            "username": "Jing",
            "first_name": "懶懶",
            "last_name": "鄭",
            "email": "FW@gmail.com",
            "is_staff": false,
            "is_active": true,
            "date_joined": "2022-12-21T12:42:00Z",
            "type": "STUDENT",
            "groups": [],
            "user_permissions": []
        }
    },
    {
        "model": "app.user",
        "fields": {
            "password": "pbkdf2_sha256$390000$s0psrn8clBaP3GGaMZ1cPg$qcgbnQZaQEnadm+iCg0OVGiWdp8XtnxwhvT5zBDan38=",
            "last_login": null,
            "is_superuser": false,
            "username": "Lee",
            "first_name": "爆料",
            "last_name": "李",
            "email": "WREGA@mail.com",
            "is_staff": false,
            "is_active": true,
            "date_joined": "2022-12-21T12:43:00Z",
            "type": "STUDENT",
            "groups": [],
            "user_permissions": []
        }
    },
    {
        "model": "app.user",
        "fields": {
            "password": "pbkdf2_sha256$390000$8CXOJfcTNuW83fJtOU2hnn$hUfGqIgdg6ZFVO9KXQNbKkSmXqa3w/QyOUGC7o53iQc=",
            "last_login": null,
            "is_superuser": false,
            "username": "Ton",
            "first_name": "吃太快",
            "last_name": "陳",
            "email": "AERGT@gkh.com",
            "is_staff": false,
            "is_active": true,
            "date_joined": "2022-12-21T12:45:00Z",
            "type": "DRIVER",
            "groups": [],
            "user_permissions": []
        }
    },
    {
        "model": "app.profile",
        "pk": 1,
        "fields": {
            "user": [
                "admin"
            ],
            "sex": "MALE",
            "name": "",
            "phone_num": "",
            "company": "",
            "cert_code": "",
            "cert_expirydate": null
        }
    },
    {
        "model": "app.profile",
        "pk": 2,
        "fields": {
            "user": [
                "HAHA"
            ],
            "sex": "MALE",
            "name": "KEIJGUO",
            "phone_num": "0900000000",
            "company": "",
            "cert_code": "",
            "cert_expirydate": null
        }
    },
    {
        "model": "app.profile",
        "pk": 3,
        "fields": {
            "user": [
                "HAPPY"
            ],
            "sex": "FEMALE",
            "name": "lala",
            "phone_num": "0900888888",
            "company": "jk",
            "cert_code": "A123456",
            "cert_expirydate": "2022-12-07"
        }
    },
    {
        "model": "app.profile",
        "pk": 4,
        "fields": {
            "user": [
                "Lai"
            ],
            "sex": "MALE",
            "name": "賴帥哥",
            "phone_num": "0900123456",
            "company": "df",
            "cert_code": "A112343",
            "cert_expirydate": "2022-12-06"
        }
    },
    {
        "model": "app.profile",
        "pk": 5,
        "fields": {
            "user": [
                "Haung"
            ],
            "sex": "FEMALE",
            "name": "黃西西",
            "phone_num": "0911245789",
            "company": "aer",
            "cert_code": "A123434",
            "cert_expirydate": "2023-02-11"
        }
    },
    {
        "model": "app.profile",
        "pk": 6,
        "fields": {
            "user": [
                "Lan"
            ],
            "sex": "MALE",
            "name": "藍寶藏",
            "phone_num": "0934323378",
            "company": "",
            "cert_code": "",
            "cert_expirydate": "2023-08-31"
        }
    },
    {
        "model": "app.profile",
        "pk": 7,
        "fields": {
            "user": [
                "Jing"
            ],
            "sex": "FEMALE",
            "name": "鄭懶懶",
            "phone_num": "0955778123",
            "company": "own",
            "cert_code": "A112336",
            "cert_expirydate": "2024-01-19"
        }
    },
    {
        "model": "app.profile",
        "pk": 8,
        "fields": {
            "user": [
                "Lee"
            ],
            "sex": "MALE",
            "name": "李爆料",
            "phone_num": "0943355555",
            "company": "",
            "cert_code": "",
            "cert_expirydate": null
        }
    },
    {
        "model": "app.profile",
        "pk": 9,
        "fields": {
            "user": [
                "Ton"
            ],
            "sex": "FEMALE",
            "name": "陳吃飯太快",
            "phone_num": "0912387998",
            "company": "",
            "cert_code": "",
            "cert_expirydate": null
        }
    },
    {
        "model": "app.car",
        "pk": 1,
        "fields": {
            "capacity": 4,
            "plate": "AHX-5678",
            "type": "n",
            "driver": [
                "HAHA"
            ]
        }
    },
    {
        "model": "app.car",
        "pk": 2,
        "fields": {
            "capacity": 5,
            "plate": "ACV-6784",
            "type": "e",
            "driver": [
                "HAPPY"
            ]
        }
    },
    {
        "model": "app.car",
        "pk": 3,
        "fields": {
            "capacity": 4,
            "plate": "AHX-5679",
            "type": "l",
            "driver": [
                "Lai"
            ]
        }
    },
    {
        "model": "app.car",
        "pk": 4,
        "fields": {
            "capacity": 5,
            "plate": "ABX-5678",
            "type": "a",
            "driver": [
                "Haung"
            ]
        }
    },
    {
        "model": "app.car",
        "pk": 5,
        "fields": {
            "capacity": 3,
            "plate": "BCV-6785",
            "type": "e",
            "driver": [
                "Lan"
            ]
        }
    },
    {
        "model": "app.car",
        "pk": 6,
        "fields": {
            "capacity": 4,
            "plate": "BMW-8888",
            "type": "l",
            "driver": [
                "Jing"
            ]
        }
    },
    {
        "model": "app.car",
        "pk": 7,
        "fields": {
            "capacity": 3,
            "plate": "REV-9889",
            "type": "e",
            "driver": [
                "Lee"
            ]
        }
    },
    {
        "model": "app.car",
        "pk": 8,
        "fields": {
            "capacity": 8,
            "plate": "RRC-4521",
            "type": "n",
            "driver": [
                "Ton"
            ]
        }
    },
    {
        "model": "app.comment",
        "pk": 1,
        "fields": {
            "time": "2022-12-21T12:50:00Z",
            "content": "Super good!!!!!!!",
            "score": 4,
            "critic": [
                "HAHA"
            ],
            "criticed": [
                "Haung"
            ]
        }
    },
    {
        "model": "app.comment",
        "pk": 2,
        "fields": {
            "time": "2022-12-28T16:00:00Z",
            "content": "Excellent!!!!司機好帥!!!!!!!",
            "score": 5,
            "critic": [
                "Jing"
            ],
            "criticed": [
                "Lai"
            ]
        }
    },
    {
        "model": "app.comment",
        "pk": 3,
        "fields": {
            "time": "2022-12-03T12:52:00Z",
            "content": "好想再搭一次!!!!司機好讚!!!",
            "score": 5,
            "critic": [
                "Lee"
            ],
            "criticed": [
                "Ton"
            ]
        }
    },
    {
        "model": "app.comment",
        "pk": 4,
        "fields": {
            "time": "2022-12-21T13:13:00Z",
            "content": "好喜歡司機!!!想要ig!!!",
            "score": 5,
            "critic": [
                "Lan"
            ],
            "criticed": [
                "HAPPY"
            ]
        }
    },
    {
        "model": "app.comment",
        "pk": 5,
        "fields": {
            "time": "2022-12-06T14:32:00Z",
            "content": "飆車好好玩",
            "score": 1,
            "critic": [
                "Lan"
            ],
            "criticed": [
                "Lai"
            ]
        }
    },
    {
        "model": "app.comment",
        "pk": 6,
        "fields": {
            "time": "2022-12-21T14:32:00Z",
            "content": "專業服務超讚!!!!!愛了愛了",
            "score": 5,
            "critic": [
                "Jing"
            ],
            "criticed": [
                "Ton"
            ]
        }
    },
    {
        "model": "app.comment",
        "pk": 7,
        "fields": {
            "time": "2022-12-21T14:33:00Z",
            "content": "我好快樂感謝這個平台，讓我脫單!!!",
            "score": 5,
            "critic": [
                "HAHA"
            ],
            "criticed": [
                "HAPPY"
            ]
        }
    },
    {
        "model": "app.comment",
        "pk": 8,
        "fields": {
            "time": "2022-12-20T10:00:00Z",
            "content": "司機好爛!!!",
            "score": 1,
            "critic": [
                "Lan"
            ],
            "criticed": [
                "Lai"
            ]
        }
    },
    {
        "model": "app.comment",
        "pk": 9,
        "fields": {
            "time": "2022-12-21T14:35:00Z",
            "content": "糟糕的體驗",
            "score": 1,
            "critic": [
                "Jing"
            ],
            "criticed": [
                "HAPPY"
            ]
        }
    },
    {
        "model": "app.comment",
        "pk": 10,
        "fields": {
            "time": "2022-12-22T09:23:47.061Z",
            "content": "讚讚讚",
            "score": 5,
            "critic": [
                "Lan"
            ],
            "criticed": [
                "HAPPY"
            ]
        }
    },
    {
        "model": "app.carpool",
        "pk": 1,
        "fields": {
            "date": "2022-12-21",
            "time": "00:00:00",
            "carfare": 2,
            "lower_passengers": 4,
            "driver": null,
            "status": "d",
            "passengers": []
        }
    },
    {
        "model": "app.carpool",
        "pk": 2,
        "fields": {
            "date": "2022-12-28",
            "time": "12:00:00",
            "carfare": 10,
            "lower_passengers": 4,
            "driver": null,
            "status": "w",
            "passengers": []
        }
    },
    {
        "model": "app.carpool",
        "pk": 3,
        "fields": {
            "date": "2022-12-25",
            "time": "18:00:00",
            "carfare": 4,
            "lower_passengers": 4,
            "driver": [
                "HAPPY"
            ],
            "status": "a",
            "passengers": []
        }
    },
    {
        "model": "app.carpool",
        "pk": 4,
        "fields": {
            "date": "2022-12-30",
            "time": "00:00:00",
            "carfare": 12,
            "lower_passengers": 2,
            "driver": null,
            "status": "a",
            "passengers": []
        }
    },
    {
        "model": "app.carpool",
        "pk": 5,
        "fields": {
            "date": "2022-12-27",
            "time": "06:00:00",
            "carfare": 3,
            "lower_passengers": 4,
            "driver": null,
            "status": "w",
            "passengers": []
        }
    },
    {
        "model": "app.carpool",
        "pk": 6,
        "fields": {
            "date": "2022-12-27",
            "time": "12:00:00",
            "carfare": 8,
            "lower_passengers": 4,
            "driver": null,
            "status": "d",
            "passengers": []
        }
    },
    {
        "model": "app.carpool",
        "pk": 7,
        "fields": {
            "date": "2022-12-31",
            "time": "22:28:00",
            "carfare": 3,
            "lower_passengers": 5,
            "driver": [
                "HAPPY"
            ],
            "status": "w",
            "passengers": [
                [
                    "Jing"
                ],
                [
                    "Lee"
                ]
            ]
        }
    },
    {
        "model": "app.carpool",
        "pk": 8,
        "fields": {
            "date": "2023-01-06",
            "time": "22:29:00",
            "carfare": 7,
            "lower_passengers": 4,
            "driver": [
                "Lai"
            ],
            "status": "d",
            "passengers": [
                [
                    "Lan"
                ],
                [
                    "Jing"
                ]
            ]
        }
    },
    {
        "model": "app.carpool",
        "pk": 9,
        "fields": {
            "date": "2022-12-01",
            "time": "12:00:00",
            "carfare": 3,
            "lower_passengers": 4,
            "driver": [
                "Haung"
            ],
            "status": "a",
            "passengers": [
                [
                    "HAHA"
                ],
                [
                    "Jing"
                ],
                [
                    "Lee"
                ]
            ]
        }
    },
    {
        "model": "app.carpool",
        "pk": 10,
        "fields": {
            "date": "2022-12-02",
            "time": "12:00:00",
            "carfare": 14,
            "lower_passengers": 4,
            "driver": [
                "Haung"
            ],
            "status": "a",
            "passengers": [
                [
                    "Jing"
                ]
            ]
        }
    },
    {
        "model": "app.carpool",
        "pk": 11,
        "fields": {
            "date": "2022-12-19",
            "time": "22:31:00",
            "carfare": 7,
            "lower_passengers": 3,
            "driver": [
                "Ton"
            ],
            "status": "d",
            "passengers": [
                [
                    "Jing"
                ],
                [
                    "Lee"
                ]
            ]
        }
    },
    {
        "model": "app.carpool",
        "pk": 12,
        "fields": {
            "date": "2022-12-28",
            "time": "22:31:00",
            "carfare": 5,
            "lower_passengers": 4,
            "driver": [
                "Haung"
            ],
            "status": "w",
            "passengers": [
                [
                    "Lee"
                ]
            ]
        }
    },
    {
        "model": "admin.logentry",
        "pk": 1,
        "fields": {
            "action_time": "2022-12-21T12:29:11.980Z",
            "user": [
                "admin"
            ],
            "content_type": [
                "app",
                "user"
            ],
            "object_id": "2",
            "object_repr": "HAHA",
            "action_flag": 1,
            "change_message": "[{\"added\": {}}, {\"added\": {\"name\": \"profile\", \"object\": \"Profile object (2)\"}}, {\"added\": {\"name\": \"car\", \"object\": \"Car object (1)\"}}]"
        }
    },
    {
        "model": "admin.logentry",
        "pk": 2,
        "fields": {
            "action_time": "2022-12-21T12:30:03.812Z",
            "user": [
                "admin"
            ],
            "content_type": [
                "app",
                "user"
            ],
            "object_id": "2",
            "object_repr": "HAHA",
            "action_flag": 2,
            "change_message": "[{\"changed\": {\"fields\": [\"First name\", \"Last name\", \"Email address\"]}}]"
        }
    },
    {
        "model": "admin.logentry",
        "pk": 3,
        "fields": {
            "action_time": "2022-12-21T12:30:28.431Z",
            "user": [
                "admin"
            ],
            "content_type": [
                "app",
                "place"
            ],
            "object_id": "1",
            "object_repr": "桃園高鐵站",
            "action_flag": 1,
            "change_message": "[{\"added\": {}}]"
        }
    },
    {
        "model": "admin.logentry",
        "pk": 4,
        "fields": {
            "action_time": "2022-12-21T12:30:38.224Z",
            "user": [
                "admin"
            ],
            "content_type": [
                "app",
                "place"
            ],
            "object_id": "2",
            "object_repr": "中壢火車站",
            "action_flag": 1,
            "change_message": "[{\"added\": {}}]"
        }
    },
    {
        "model": "admin.logentry",
        "pk": 5,
        "fields": {
            "action_time": "2022-12-21T12:30:44.974Z",
            "user": [
                "admin"
            ],
            "content_type": [
                "app",
                "place"
            ],
            "object_id": "3",
            "object_repr": "中壢夜市",
            "action_flag": 1,
            "change_message": "[{\"added\": {}}]"
        }
    },
    {
        "model": "admin.logentry",
        "pk": 6,
        "fields": {
            "action_time": "2022-12-21T12:30:51.621Z",
            "user": [
                "admin"
            ],
            "content_type": [
                "app",
                "place"
            ],
            "object_id": "4",
            "object_repr": "中原夜市",
            "action_flag": 1,
            "change_message": "[{\"added\": {}}]"
        }
    },
    {
        "model": "admin.logentry",
        "pk": 7,
        "fields": {
            "action_time": "2022-12-21T12:30:58.028Z",
            "user": [
                "admin"
            ],
            "content_type": [
                "app",
                "place"
            ],
            "object_id": "5",
            "object_repr": "中央大學",
            "action_flag": 1,
            "change_message": "[{\"added\": {}}]"
        }
    },
    {
        "model": "admin.logentry",
        "pk": 8,
        "fields": {
            "action_time": "2022-12-21T12:31:11.482Z",
            "user": [
                "admin"
            ],
            "content_type": [
                "app",
                "place"
            ],
            "object_id": "6",
            "object_repr": "中壢SOGO百貨",
            "action_flag": 1,
            "change_message": "[{\"added\": {}}]"
        }
    },
    {
        "model": "admin.logentry",
        "pk": 9,
        "fields": {
            "action_time": "2022-12-21T12:34:21.256Z",
            "user": [
                "admin"
            ],
            "content_type": [
                "app",
                "user"
            ],
            "object_id": "3",
            "object_repr": "HAPPY",
            "action_flag": 1,
            "change_message": "[{\"added\": {}}, {\"added\": {\"name\": \"profile\", \"object\": \"Profile object (3)\"}}, {\"added\": {\"name\": \"car\", \"object\": \"Car object (2)\"}}]"
        }
    },
    {
        "model": "admin.logentry",
        "pk": 10,
        "fields": {
            "action_time": "2022-12-21T12:34:52.448Z",
            "user": [
                "admin"
            ],
            "content_type": [
                "app",
                "user"
            ],
            "object_id": "3",
            "object_repr": "HAPPY",
            "action_flag": 2,
            "change_message": "[{\"changed\": {\"fields\": [\"First name\", \"Last name\", \"Email address\"]}}]"
        }
    },
    {
        "model": "admin.logentry",
        "pk": 11,
        "fields": {
            "action_time": "2022-12-21T12:36:11.992Z",
            "user": [
                "admin"
            ],
            "content_type": [
                "app",
                "user"
            ],
            "object_id": "4",
            "object_repr": "Lai",
            "action_flag": 1,
            "change_message": "[{\"added\": {}}, {\"added\": {\"name\": \"profile\", \"object\": \"Profile object (4)\"}}, {\"added\": {\"name\": \"car\", \"object\": \"Car object (3)\"}}]"
        }
    },
    {
        "model": "admin.logentry",
        "pk": 12,
        "fields": {
            "action_time": "2022-12-21T12:36:43.995Z",
            "user": [
                "admin"
            ],
            "content_type": [
                "app",
                "user"
            ],
            "object_id": "4",
            "object_repr": "Lai",
            "action_flag": 2,
            "change_message": "[{\"changed\": {\"fields\": [\"First name\", \"Last name\", \"Email address\"]}}]"
        }
    },
    {
        "model": "admin.logentry",
        "pk": 13,
        "fields": {
            "action_time": "2022-12-21T12:38:11.940Z",
            "user": [
                "admin"
            ],
            "content_type": [
                "app",
                "user"
            ],
            "object_id": "5",
            "object_repr": "Haung",
            "action_flag": 1,
            "change_message": "[{\"added\": {}}, {\"added\": {\"name\": \"profile\", \"object\": \"Profile object (5)\"}}, {\"added\": {\"name\": \"car\", \"object\": \"Car object (4)\"}}]"
        }
    },
    {
        "model": "admin.logentry",
        "pk": 14,
        "fields": {
            "action_time": "2022-12-21T12:38:36.114Z",
            "user": [
                "admin"
            ],
            "content_type": [
                "app",
                "user"
            ],
            "object_id": "5",
            "object_repr": "Haung",
            "action_flag": 2,
            "change_message": "[{\"changed\": {\"fields\": [\"First name\", \"Last name\", \"Email address\"]}}]"
        }
    },
    {
        "model": "admin.logentry",
        "pk": 15,
        "fields": {
            "action_time": "2022-12-21T12:39:58.756Z",
            "user": [
                "admin"
            ],
            "content_type": [
                "app",
                "user"
            ],
            "object_id": "6",
            "object_repr": "Lan",
            "action_flag": 1,
            "change_message": "[{\"added\": {}}, {\"added\": {\"name\": \"profile\", \"object\": \"Profile object (6)\"}}, {\"added\": {\"name\": \"car\", \"object\": \"Car object (5)\"}}]"
        }
    },
    {
        "model": "admin.logentry",
        "pk": 16,
        "fields": {
            "action_time": "2022-12-21T12:40:26.551Z",
            "user": [
                "admin"
            ],
            "content_type": [
                "app",
                "user"
            ],
            "object_id": "6",
            "object_repr": "Lan",
            "action_flag": 2,
            "change_message": "[{\"changed\": {\"fields\": [\"First name\", \"Last name\", \"Email address\"]}}]"
        }
    },
    {
        "model": "admin.logentry",
        "pk": 17,
        "fields": {
            "action_time": "2022-12-21T12:42:26.456Z",
            "user": [
                "admin"
            ],
            "content_type": [
                "app",
                "user"
            ],
            "object_id": "7",
            "object_repr": "Jing",
            "action_flag": 1,
            "change_message": "[{\"added\": {}}, {\"added\": {\"name\": \"profile\", \"object\": \"Profile object (7)\"}}, {\"added\": {\"name\": \"car\", \"object\": \"Car object (6)\"}}]"
        }
    },
    {
        "model": "admin.logentry",
        "pk": 18,
        "fields": {
            "action_time": "2022-12-21T12:42:51.515Z",
            "user": [
                "admin"
            ],
            "content_type": [
                "app",
                "user"
            ],
            "object_id": "7",
            "object_repr": "Jing",
            "action_flag": 2,
            "change_message": "[{\"changed\": {\"fields\": [\"First name\", \"Last name\", \"Email address\"]}}]"
        }
    },
    {
        "model": "admin.logentry",
        "pk": 19,
        "fields": {
            "action_time": "2022-12-21T12:43:51.955Z",
            "user": [
                "admin"
            ],
            "content_type": [
                "app",
                "user"
            ],
            "object_id": "8",
            "object_repr": "Lee",
            "action_flag": 1,
            "change_message": "[{\"added\": {}}, {\"added\": {\"name\": \"profile\", \"object\": \"Profile object (8)\"}}, {\"added\": {\"name\": \"car\", \"object\": \"Car object (7)\"}}]"
        }
    },
    {
        "model": "admin.logentry",
        "pk": 20,
        "fields": {
            "action_time": "2022-12-21T12:44:13.375Z",
            "user": [
                "admin"
            ],
            "content_type": [
                "app",
                "user"
            ],
            "object_id": "8",
            "object_repr": "Lee",
            "action_flag": 2,
            "change_message": "[{\"changed\": {\"fields\": [\"First name\", \"Last name\", \"Email address\"]}}]"
        }
    },
    {
        "model": "admin.logentry",
        "pk": 21,
        "fields": {
            "action_time": "2022-12-21T12:45:32.012Z",
            "user": [
                "admin"
            ],
            "content_type": [
                "app",
                "user"
            ],
            "object_id": "9",
            "object_repr": "Ton",
            "action_flag": 1,
            "change_message": "[{\"added\": {}}, {\"added\": {\"name\": \"profile\", \"object\": \"Profile object (9)\"}}, {\"added\": {\"name\": \"car\", \"object\": \"Car object (8)\"}}]"
        }
    },
    {
        "model": "admin.logentry",
        "pk": 22,
        "fields": {
            "action_time": "2022-12-21T12:45:52.867Z",
            "user": [
                "admin"
            ],
            "content_type": [
                "app",
                "user"
            ],
            "object_id": "9",
            "object_repr": "Ton",
            "action_flag": 2,
            "change_message": "[{\"changed\": {\"fields\": [\"First name\", \"Last name\", \"Email address\"]}}]"
        }
    },
    {
        "model": "admin.logentry",
        "pk": 23,
        "fields": {
            "action_time": "2022-12-21T12:48:34.834Z",
            "user": [
                "admin"
            ],
            "content_type": [
                "app",
                "user"
            ],
            "object_id": "2",
            "object_repr": "HAHA",
            "action_flag": 2,
            "change_message": "[{\"changed\": {\"fields\": [\"User type\"]}}]"
        }
    },
    {
        "model": "admin.logentry",
        "pk": 24,
        "fields": {
            "action_time": "2022-12-21T12:48:43.104Z",
            "user": [
                "admin"
            ],
            "content_type": [
                "app",
                "user"
            ],
            "object_id": "3",
            "object_repr": "HAPPY",
            "action_flag": 2,
            "change_message": "[{\"changed\": {\"fields\": [\"User type\"]}}]"
        }
    },
    {
        "model": "admin.logentry",
        "pk": 25,
        "fields": {
            "action_time": "2022-12-21T12:48:59.913Z",
            "user": [
                "admin"
            ],
            "content_type": [
                "app",
                "user"
            ],
            "object_id": "5",
            "object_repr": "Haung",
            "action_flag": 2,
            "change_message": "[{\"changed\": {\"fields\": [\"User type\"]}}]"
        }
    },
    {
        "model": "admin.logentry",
        "pk": 26,
        "fields": {
            "action_time": "2022-12-21T12:49:09.766Z",
            "user": [
                "admin"
            ],
            "content_type": [
                "app",
                "user"
            ],
            "object_id": "7",
            "object_repr": "Jing",
            "action_flag": 2,
            "change_message": "[{\"changed\": {\"fields\": [\"User type\"]}}]"
        }
    },
    {
        "model": "admin.logentry",
        "pk": 27,
        "fields": {
            "action_time": "2022-12-21T12:49:52.986Z",
            "user": [
                "admin"
            ],
            "content_type": [
                "app",
                "user"
            ],
            "object_id": "4",
            "object_repr": "Lai",
            "action_flag": 2,
            "change_message": "[{\"changed\": {\"fields\": [\"User type\"]}}]"
        }
    },
    {
        "model": "admin.logentry",
        "pk": 28,
        "fields": {
            "action_time": "2022-12-21T12:49:59.621Z",
            "user": [
                "admin"
            ],
            "content_type": [
                "app",
                "user"
            ],
            "object_id": "6",
            "object_repr": "Lan",
            "action_flag": 2,
            "change_message": "[{\"changed\": {\"fields\": [\"User type\"]}}]"
        }
    },
    {
        "model": "admin.logentry",
        "pk": 29,
        "fields": {
            "action_time": "2022-12-21T12:50:08.444Z",
            "user": [
                "admin"
            ],
            "content_type": [
                "app",
                "user"
            ],
            "object_id": "8",
            "object_repr": "Lee",
            "action_flag": 2,
            "change_message": "[{\"changed\": {\"fields\": [\"User type\"]}}]"
        }
    },
    {
        "model": "admin.logentry",
        "pk": 30,
        "fields": {
            "action_time": "2022-12-21T12:50:17.249Z",
            "user": [
                "admin"
            ],
            "content_type": [
                "app",
                "user"
            ],
            "object_id": "9",
            "object_repr": "Ton",
            "action_flag": 2,
            "change_message": "[{\"changed\": {\"fields\": [\"User type\"]}}]"
        }
    },
    {
        "model": "admin.logentry",
        "pk": 31,
        "fields": {
            "action_time": "2022-12-21T12:50:50.306Z",
            "user": [
                "admin"
            ],
            "content_type": [
                "app",
                "comment"
            ],
            "object_id": "1",
            "object_repr": "Super good!!!!!!!",
            "action_flag": 1,
            "change_message": "[{\"added\": {}}]"
        }
    },
    {
        "model": "admin.logentry",
        "pk": 32,
        "fields": {
            "action_time": "2022-12-21T12:52:47.518Z",
            "user": [
                "admin"
            ],
            "content_type": [
                "app",
                "comment"
            ],
            "object_id": "2",
            "object_repr": "Excellent!!!!司機好帥!!!!!!!",
            "action_flag": 1,
            "change_message": "[{\"added\": {}}]"
        }
    },
    {
        "model": "admin.logentry",
        "pk": 33,
        "fields": {
            "action_time": "2022-12-21T12:53:29.242Z",
            "user": [
                "admin"
            ],
            "content_type": [
                "app",
                "comment"
            ],
            "object_id": "3",
            "object_repr": "好想再搭一次!!!!司機好讚!!!",
            "action_flag": 1,
            "change_message": "[{\"added\": {}}]"
        }
    },
    {
        "model": "admin.logentry",
        "pk": 34,
        "fields": {
            "action_time": "2022-12-21T12:54:16.615Z",
            "user": [
                "admin"
            ],
            "content_type": [
                "app",
                "carfare"
            ],
            "object_id": "1",
            "object_repr": "桃園高鐵站 -> 中壢火車站: 250",
            "action_flag": 1,
            "change_message": "[{\"added\": {}}]"
        }
    },
    {
        "model": "admin.logentry",
        "pk": 35,
        "fields": {
            "action_time": "2022-12-21T12:54:37.990Z",
            "user": [
                "admin"
            ],
            "content_type": [
                "app",
                "carfare"
            ],
            "object_id": "2",
            "object_repr": "桃園高鐵站 -> 中壢夜市: 220",
            "action_flag": 1,
            "change_message": "[{\"added\": {}}]"
        }
    },
    {
        "model": "admin.logentry",
        "pk": 36,
        "fields": {
            "action_time": "2022-12-21T12:54:50.532Z",
            "user": [
                "admin"
            ],
            "content_type": [
                "app",
                "carfare"
            ],
            "object_id": "3",
            "object_repr": "桃園高鐵站 -> 中原夜市: 280",
            "action_flag": 1,
            "change_message": "[{\"added\": {}}]"
        }
    },
    {
        "model": "admin.logentry",
        "pk": 37,
        "fields": {
            "action_time": "2022-12-21T12:55:01.202Z",
            "user": [
                "admin"
            ],
            "content_type": [
                "app",
                "carfare"
            ],
            "object_id": "4",
            "object_repr": "桃園高鐵站 -> 中央大學: 180",
            "action_flag": 1,
            "change_message": "[{\"added\": {}}]"
        }
    },
    {
        "model": "admin.logentry",
        "pk": 38,
        "fields": {
            "action_time": "2022-12-21T12:55:12.016Z",
            "user": [
                "admin"
            ],
            "content_type": [
                "app",
                "carfare"
            ],
            "object_id": "5",
            "object_repr": "桃園高鐵站 -> 中壢SOGO百貨: 210",
            "action_flag": 1,
            "change_message": "[{\"added\": {}}]"
        }
    },
    {
        "model": "admin.logentry",
        "pk": 39,
        "fields": {
            "action_time": "2022-12-21T12:55:30.688Z",
            "user": [
                "admin"
            ],
            "content_type": [
                "app",
                "carfare"
            ],
            "object_id": "6",
            "object_repr": "中壢火車站 -> 中壢夜市: 100",
            "action_flag": 1,
            "change_message": "[{\"added\": {}}]"
        }
    },
    {
        "model": "admin.logentry",
        "pk": 40,
        "fields": {
            "action_time": "2022-12-21T12:55:42.162Z",
            "user": [
                "admin"
            ],
            "content_type": [
                "app",
                "carfare"
            ],
            "object_id": "7",
            "object_repr": "中壢火車站 -> 中原夜市: 180",
            "action_flag": 1,
            "change_message": "[{\"added\": {}}]"
        }
    },
    {
        "model": "admin.logentry",
        "pk": 41,
        "fields": {
            "action_time": "2022-12-21T12:55:54.193Z",
            "user": [
                "admin"
            ],
            "content_type": [
                "app",
                "carfare"
            ],
            "object_id": "8",
            "object_repr": "中壢火車站 -> 中央大學: 80",
            "action_flag": 1,
            "change_message": "[{\"added\": {}}]"
        }
    },
    {
        "model": "admin.logentry",
        "pk": 42,
        "fields": {
            "action_time": "2022-12-21T12:56:04.149Z",
            "user": [
                "admin"
            ],
            "content_type": [
                "app",
                "carfare"
            ],
            "object_id": "9",
            "object_repr": "中壢火車站 -> 中壢SOGO百貨: 50",
            "action_flag": 1,
            "change_message": "[{\"added\": {}}]"
        }
    },
    {
        "model": "admin.logentry",
        "pk": 43,
        "fields": {
            "action_time": "2022-12-21T12:56:22.852Z",
            "user": [
                "admin"
            ],
            "content_type": [
                "app",
                "carfare"
            ],
            "object_id": "10",
            "object_repr": "中壢夜市 -> 中原夜市: 120",
            "action_flag": 1,
            "change_message": "[{\"added\": {}}]"
        }
    },
    {
        "model": "admin.logentry",
        "pk": 44,
        "fields": {
            "action_time": "2022-12-21T12:57:03.683Z",
            "user": [
                "admin"
            ],
            "content_type": [
                "app",
                "carfare"
            ],
            "object_id": "11",
            "object_repr": "中央大學 -> 中壢SOGO百貨: 45",
            "action_flag": 1,
            "change_message": "[{\"added\": {}}]"
        }
    },
    {
        "model": "admin.logentry",
        "pk": 45,
        "fields": {
            "action_time": "2022-12-21T12:57:49.644Z",
            "user": [
                "admin"
            ],
            "content_type": [
                "app",
                "carfare"
            ],
            "object_id": "11",
            "object_repr": "中央大學 -> 中壢SOGO百貨: 45",
            "action_flag": 3,
            "change_message": ""
        }
    },
    {
        "model": "admin.logentry",
        "pk": 46,
        "fields": {
            "action_time": "2022-12-21T12:58:15.628Z",
            "user": [
                "admin"
            ],
            "content_type": [
                "app",
                "carfare"
            ],
            "object_id": "12",
            "object_repr": "中壢夜市 -> 中央大學: 30",
            "action_flag": 1,
            "change_message": "[{\"added\": {}}]"
        }
    },
    {
        "model": "admin.logentry",
        "pk": 47,
        "fields": {
            "action_time": "2022-12-21T12:58:43.626Z",
            "user": [
                "admin"
            ],
            "content_type": [
                "app",
                "carfare"
            ],
            "object_id": "13",
            "object_repr": "中壢夜市 -> 中壢SOGO百貨: 25",
            "action_flag": 1,
            "change_message": "[{\"added\": {}}]"
        }
    },
    {
        "model": "admin.logentry",
        "pk": 48,
        "fields": {
            "action_time": "2022-12-21T12:59:10.658Z",
            "user": [
                "admin"
            ],
            "content_type": [
                "app",
                "carfare"
            ],
            "object_id": "14",
            "object_repr": "中原夜市 -> 中央大學: 175",
            "action_flag": 1,
            "change_message": "[{\"added\": {}}]"
        }
    },
    {
        "model": "admin.logentry",
        "pk": 49,
        "fields": {
            "action_time": "2022-12-21T12:59:32.236Z",
            "user": [
                "admin"
            ],
            "content_type": [
                "app",
                "carfare"
            ],
            "object_id": "15",
            "object_repr": "中原夜市 -> 中壢SOGO百貨: 165",
            "action_flag": 1,
            "change_message": "[{\"added\": {}}]"
        }
    },
    {
        "model": "admin.logentry",
        "pk": 50,
        "fields": {
            "action_time": "2022-12-21T12:59:55.129Z",
            "user": [
                "admin"
            ],
            "content_type": [
                "app",
                "carfare"
            ],
            "object_id": "16",
            "object_repr": "中央大學 -> 中壢SOGO百貨: 100",
            "action_flag": 1,
            "change_message": "[{\"added\": {}}]"
        }
    },
    {
        "model": "admin.logentry",
        "pk": 51,
        "fields": {
            "action_time": "2022-12-21T13:00:35.731Z",
            "user": [
                "admin"
            ],
            "content_type": [
                "app",
                "carpool"
            ],
            "object_id": "1",
            "object_repr": "00:00:00, 桃園高鐵站 to 中壢夜市",
            "action_flag": 1,
            "change_message": "[{\"added\": {}}]"
        }
    },
    {
        "model": "admin.logentry",
        "pk": 52,
        "fields": {
            "action_time": "2022-12-21T13:00:55.523Z",
            "user": [
                "admin"
            ],
            "content_type": [
                "app",
                "carpool"
            ],
            "object_id": "2",
            "object_repr": "12:00:00, 中壢夜市 to 中原夜市",
            "action_flag": 1,
            "change_message": "[{\"added\": {}}]"
        }
    },
    {
        "model": "admin.logentry",
        "pk": 53,
        "fields": {
            "action_time": "2022-12-21T13:01:16.650Z",
            "user": [
                "admin"
            ],
            "content_type": [
                "app",
                "carpool"
            ],
            "object_id": "3",
            "object_repr": "18:00:00, 桃園高鐵站 to 中央大學",
            "action_flag": 1,
            "change_message": "[{\"added\": {}}]"
        }
    },
    {
        "model": "admin.logentry",
        "pk": 54,
        "fields": {
            "action_time": "2022-12-21T13:01:36.221Z",
            "user": [
                "admin"
            ],
            "content_type": [
                "app",
                "carpool"
            ],
            "object_id": "4",
            "object_repr": "00:00:00, 中壢夜市 to 中央大學",
            "action_flag": 1,
            "change_message": "[{\"added\": {}}]"
        }
    },
    {
        "model": "admin.logentry",
        "pk": 55,
        "fields": {
            "action_time": "2022-12-21T13:14:38.803Z",
            "user": [
                "admin"
            ],
            "content_type": [
                "app",
                "comment"
            ],
            "object_id": "4",
            "object_repr": "好喜歡司機!!!想要ig!!!",
            "action_flag": 1,
            "change_message": "[{\"added\": {}}]"
        }
    },
    {
        "model": "admin.logentry",
        "pk": 56,
        "fields": {
            "action_time": "2022-12-21T13:14:58.452Z",
            "user": [
                "admin"
            ],
            "content_type": [
                "app",
                "carpool"
            ],
            "object_id": "5",
            "object_repr": "06:00:00, 桃園高鐵站 to 中原夜市",
            "action_flag": 1,
            "change_message": "[{\"added\": {}}]"
        }
    },
    {
        "model": "admin.logentry",
        "pk": 57,
        "fields": {
            "action_time": "2022-12-21T13:15:13.931Z",
            "user": [
                "admin"
            ],
            "content_type": [
                "app",
                "carpool"
            ],
            "object_id": "6",
            "object_repr": "12:00:00, 中壢火車站 to 中央大學",
            "action_flag": 1,
            "change_message": "[{\"added\": {}}]"
        }
    },
    {
        "model": "admin.logentry",
        "pk": 58,
        "fields": {
            "action_time": "2022-12-21T14:27:12.482Z",
            "user": [
                "admin"
            ],
            "content_type": [
                "app",
                "carpool"
            ],
            "object_id": "6",
            "object_repr": "12:00:00, 中壢火車站 to 中央大學",
            "action_flag": 2,
            "change_message": "[{\"changed\": {\"fields\": [\"Status\"]}}]"
        }
    },
    {
        "model": "admin.logentry",
        "pk": 59,
        "fields": {
            "action_time": "2022-12-21T14:27:24.718Z",
            "user": [
                "admin"
            ],
            "content_type": [
                "app",
                "carpool"
            ],
            "object_id": "4",
            "object_repr": "00:00:00, 中壢夜市 to 中央大學",
            "action_flag": 2,
            "change_message": "[{\"changed\": {\"fields\": [\"Status\"]}}]"
        }
    },
    {
        "model": "admin.logentry",
        "pk": 60,
        "fields": {
            "action_time": "2022-12-21T14:27:32.419Z",
            "user": [
                "admin"
            ],
            "content_type": [
                "app",
                "carpool"
            ],
            "object_id": "1",
            "object_repr": "00:00:00, 桃園高鐵站 to 中壢夜市",
            "action_flag": 2,
            "change_message": "[{\"changed\": {\"fields\": [\"Status\"]}}]"
        }
    },
    {
        "model": "admin.logentry",
        "pk": 61,
        "fields": {
            "action_time": "2022-12-21T14:27:41.058Z",
            "user": [
                "admin"
            ],
            "content_type": [
                "app",
                "carpool"
            ],
            "object_id": "3",
            "object_repr": "18:00:00, 桃園高鐵站 to 中央大學",
            "action_flag": 2,
            "change_message": "[{\"changed\": {\"fields\": [\"Status\"]}}]"
        }
    },
    {
        "model": "admin.logentry",
        "pk": 62,
        "fields": {
            "action_time": "2022-12-21T14:29:06.436Z",
            "user": [
                "admin"
            ],
            "content_type": [
                "app",
                "carpool"
            ],
            "object_id": "7",
            "object_repr": "22:28:00, 桃園高鐵站 to 中原夜市",
            "action_flag": 1,
            "change_message": "[{\"added\": {}}]"
        }
    },
    {
        "model": "admin.logentry",
        "pk": 63,
        "fields": {
            "action_time": "2022-12-21T14:29:31.168Z",
            "user": [
                "admin"
            ],
            "content_type": [
                "app",
                "carpool"
            ],
            "object_id": "8",
            "object_repr": "22:29:00, 中壢火車站 to 中原夜市",
            "action_flag": 1,
            "change_message": "[{\"added\": {}}]"
        }
    },
    {
        "model": "admin.logentry",
        "pk": 64,
        "fields": {
            "action_time": "2022-12-21T14:30:27.561Z",
            "user": [
                "admin"
            ],
            "content_type": [
                "app",
                "carpool"
            ],
            "object_id": "9",
            "object_repr": "12:00:00, 桃園高鐵站 to 中原夜市",
            "action_flag": 1,
            "change_message": "[{\"added\": {}}]"
        }
    },
    {
        "model": "admin.logentry",
        "pk": 65,
        "fields": {
            "action_time": "2022-12-21T14:30:52.122Z",
            "user": [
                "admin"
            ],
            "content_type": [
                "app",
                "carpool"
            ],
            "object_id": "10",
            "object_repr": "12:00:00, 中原夜市 to 中央大學",
            "action_flag": 1,
            "change_message": "[{\"added\": {}}]"
        }
    },
    {
        "model": "admin.logentry",
        "pk": 66,
        "fields": {
            "action_time": "2022-12-21T14:31:26.316Z",
            "user": [
                "admin"
            ],
            "content_type": [
                "app",
                "carpool"
            ],
            "object_id": "11",
            "object_repr": "22:31:00, 中壢火車站 to 中原夜市",
            "action_flag": 1,
            "change_message": "[{\"added\": {}}]"
        }
    },
    {
        "model": "admin.logentry",
        "pk": 67,
        "fields": {
            "action_time": "2022-12-21T14:31:46.880Z",
            "user": [
                "admin"
            ],
            "content_type": [
                "app",
                "carpool"
            ],
            "object_id": "12",
            "object_repr": "22:31:00, 桃園高鐵站 to 中壢SOGO百貨",
            "action_flag": 1,
            "change_message": "[{\"added\": {}}]"
        }
    },
    {
        "model": "admin.logentry",
        "pk": 68,
        "fields": {
            "action_time": "2022-12-21T14:32:46.369Z",
            "user": [
                "admin"
            ],
            "content_type": [
                "app",
                "comment"
            ],
            "object_id": "5",
            "object_repr": "飆車好好玩",
            "action_flag": 1,
            "change_message": "[{\"added\": {}}]"
        }
    },
    {
        "model": "admin.logentry",
        "pk": 69,
        "fields": {
            "action_time": "2022-12-21T14:33:33.966Z",
            "user": [
                "admin"
            ],
            "content_type": [
                "app",
                "comment"
            ],
            "object_id": "6",
            "object_repr": "專業服務超讚!!!!!愛了愛了",
            "action_flag": 1,
            "change_message": "[{\"added\": {}}]"
        }
    },
    {
        "model": "admin.logentry",
        "pk": 70,
        "fields": {
            "action_time": "2022-12-21T14:34:16.552Z",
            "user": [
                "admin"
            ],
            "content_type": [
                "app",
                "comment"
            ],
            "object_id": "7",
            "object_repr": "我好快樂感謝這個平台，讓我脫單!!!",
            "action_flag": 1,
            "change_message": "[{\"added\": {}}]"
        }
    },
    {
        "model": "admin.logentry",
        "pk": 71,
        "fields": {
            "action_time": "2022-12-21T14:35:12.629Z",
            "user": [
                "admin"
            ],
            "content_type": [
                "app",
                "comment"
            ],
            "object_id": "8",
            "object_repr": "司機好爛!!!",
            "action_flag": 1,
            "change_message": "[{\"added\": {}}]"
        }
    },
    {
        "model": "admin.logentry",
        "pk": 72,
        "fields": {
            "action_time": "2022-12-21T14:35:19.104Z",
            "user": [
                "admin"
            ],
            "content_type": [
                "app",
                "comment"
            ],
            "object_id": "8",
            "object_repr": "司機好爛!!!",
            "action_flag": 2,
            "change_message": "[{\"changed\": {\"fields\": [\"Score\"]}}]"
        }
    },
    {
        "model": "admin.logentry",
        "pk": 73,
        "fields": {
            "action_time": "2022-12-21T14:35:58.103Z",
            "user": [
                "admin"
            ],
            "content_type": [
                "app",
                "comment"
            ],
            "object_id": "9",
            "object_repr": "糟糕的體驗",
            "action_flag": 1,
            "change_message": "[{\"added\": {}}]"
        }
    },
    {
        "model": "admin.logentry",
        "pk": 74,
        "fields": {
            "action_time": "2022-12-21T14:49:23.126Z",
            "user": [
                "admin"
            ],
            "content_type": [
                "app",
                "carfare"
            ],
            "object_id": "17",
            "object_repr": "中壢火車站 -> 桃園高鐵站: 250",
            "action_flag": 1,
            "change_message": "[{\"added\": {}}]"
        }
    },
    {
        "model": "admin.logentry",
        "pk": 75,
        "fields": {
            "action_time": "2022-12-21T14:49:35.484Z",
            "user": [
                "admin"
            ],
            "content_type": [
                "app",
                "carfare"
            ],
            "object_id": "18",
            "object_repr": "中壢夜市 -> 桃園高鐵站: 220",
            "action_flag": 1,
            "change_message": "[{\"added\": {}}]"
        }
    },
    {
        "model": "admin.logentry",
        "pk": 76,
        "fields": {
            "action_time": "2022-12-21T14:49:48.154Z",
            "user": [
                "admin"
            ],
            "content_type": [
                "app",
                "carfare"
            ],
            "object_id": "19",
            "object_repr": "中原夜市 -> 桃園高鐵站: 280",
            "action_flag": 1,
            "change_message": "[{\"added\": {}}]"
        }
    },
    {
        "model": "admin.logentry",
        "pk": 77,
        "fields": {
            "action_time": "2022-12-21T14:50:00.191Z",
            "user": [
                "admin"
            ],
            "content_type": [
                "app",
                "carfare"
            ],
            "object_id": "20",
            "object_repr": "中央大學 -> 桃園高鐵站: 180",
            "action_flag": 1,
            "change_message": "[{\"added\": {}}]"
        }
    },
    {
        "model": "admin.logentry",
        "pk": 78,
        "fields": {
            "action_time": "2022-12-21T14:50:13.323Z",
            "user": [
                "admin"
            ],
            "content_type": [
                "app",
                "carfare"
            ],
            "object_id": "21",
            "object_repr": "中壢SOGO百貨 -> 桃園高鐵站: 210",
            "action_flag": 1,
            "change_message": "[{\"added\": {}}]"
        }
    },
    {
        "model": "admin.logentry",
        "pk": 79,
        "fields": {
            "action_time": "2022-12-21T14:50:27.265Z",
            "user": [
                "admin"
            ],
            "content_type": [
                "app",
                "carfare"
            ],
            "object_id": "22",
            "object_repr": "中壢夜市 -> 中壢火車站: 100",
            "action_flag": 1,
            "change_message": "[{\"added\": {}}]"
        }
    },
    {
        "model": "admin.logentry",
        "pk": 80,
        "fields": {
            "action_time": "2022-12-21T14:50:48.246Z",
            "user": [
                "admin"
            ],
            "content_type": [
                "app",
                "carfare"
            ],
            "object_id": "23",
            "object_repr": "中原夜市 -> 中壢火車站: 180",
            "action_flag": 1,
            "change_message": "[{\"added\": {}}]"
        }
    },
    {
        "model": "admin.logentry",
        "pk": 81,
        "fields": {
            "action_time": "2022-12-21T14:51:04.291Z",
            "user": [
                "admin"
            ],
            "content_type": [
                "app",
                "carfare"
            ],
            "object_id": "24",
            "object_repr": "中央大學 -> 中壢火車站: 80",
            "action_flag": 1,
            "change_message": "[{\"added\": {}}]"
        }
    },
    {
        "model": "admin.logentry",
        "pk": 82,
        "fields": {
            "action_time": "2022-12-21T14:51:21.429Z",
            "user": [
                "admin"
            ],
            "content_type": [
                "app",
                "carfare"
            ],
            "object_id": "25",
            "object_repr": "中壢SOGO百貨 -> 中壢火車站: 50",
            "action_flag": 1,
            "change_message": "[{\"added\": {}}]"
        }
    },
    {
        "model": "admin.logentry",
        "pk": 83,
        "fields": {
            "action_time": "2022-12-21T14:51:35.901Z",
            "user": [
                "admin"
            ],
            "content_type": [
                "app",
                "carfare"
            ],
            "object_id": "26",
            "object_repr": "中原夜市 -> 中壢夜市: 120",
            "action_flag": 1,
            "change_message": "[{\"added\": {}}]"
        }
    },
    {
        "model": "admin.logentry",
        "pk": 84,
        "fields": {
            "action_time": "2022-12-21T14:51:47.939Z",
            "user": [
                "admin"
            ],
            "content_type": [
                "app",
                "carfare"
            ],
            "object_id": "27",
            "object_repr": "中央大學 -> 中壢夜市: 30",
            "action_flag": 1,
            "change_message": "[{\"added\": {}}]"
        }
    },
    {
        "model": "admin.logentry",
        "pk": 85,
        "fields": {
            "action_time": "2022-12-21T14:52:02.017Z",
            "user": [
                "admin"
            ],
            "content_type": [
                "app",
                "carfare"
            ],
            "object_id": "28",
            "object_repr": "中壢夜市 -> 中壢SOGO百貨: 25",
            "action_flag": 1,
            "change_message": "[{\"added\": {}}]"
        }
    },
    {
        "model": "admin.logentry",
        "pk": 86,
        "fields": {
            "action_time": "2022-12-21T14:52:39.888Z",
            "user": [
                "admin"
            ],
            "content_type": [
                "app",
                "carfare"
            ],
            "object_id": "25",
            "object_repr": "中壢SOGO百貨 -> 中壢火車站: 25",
            "action_flag": 2,
            "change_message": "[{\"changed\": {\"fields\": [\"Fare\"]}}]"
        }
    },
    {
        "model": "admin.logentry",
        "pk": 87,
        "fields": {
            "action_time": "2022-12-21T14:52:58.567Z",
            "user": [
                "admin"
            ],
            "content_type": [
                "app",
                "carfare"
            ],
            "object_id": "29",
            "object_repr": "中央大學 -> 中原夜市: 175",
            "action_flag": 1,
            "change_message": "[{\"added\": {}}]"
        }
    },
    {
        "model": "admin.logentry",
        "pk": 88,
        "fields": {
            "action_time": "2022-12-21T14:53:11.120Z",
            "user": [
                "admin"
            ],
            "content_type": [
                "app",
                "carfare"
            ],
            "object_id": "30",
            "object_repr": "中壢SOGO百貨 -> 中原夜市: 165",
            "action_flag": 1,
            "change_message": "[{\"added\": {}}]"
        }
    },
    {
        "model": "admin.logentry",
        "pk": 89,
        "fields": {
            "action_time": "2022-12-21T14:53:25.012Z",
            "user": [
                "admin"
            ],
            "content_type": [
                "app",
                "carfare"
            ],
            "object_id": "31",
            "object_repr": "中壢SOGO百貨 -> 中央大學: 100",
            "action_flag": 1,
            "change_message": "[{\"added\": {}}]"
        }
    }
]